<?xml version="1.0" encoding="UTF-8"?>
<!DOCTYPE hibernate-configuration PUBLIC "-//Hibernate/Hibernate Configuration DTD 3.0//EN" "http://hibernate.sourceforge.net/hibernate-configuration-3.0.dtd">

<hibernate-configuration>
  <session-factory>
      <property name = "hibernate.dialect"> org.hibernate.dialect.MySQL8Dialect</property>
        <property name = "hibernate.connection.driver_class">com.mysql.jdbc.Driver</property>
        <property name = "hibernate.connection.url">jdbc:mysql://localhost:3307/test</property>
        <property name = "hibernate.connection.username">root</property>
        <property name = "hibernate.connection.password"></property>
        <property name="format_sql">true</property>
        <property name="connection.pool_size">1</property>
        <property name="hibernate.cache.provider_class">org.hibernate.cache.NoCacheProvider</property>
        <property name="hibernate.hbm2ddl.auto">update</property> 
        <property name = "show_sql">true</property>
      <mapping class = "com.entity.Note" />
  </session-factory>
</hibernate-configuration>


